{
    "Heistfav": [
           {
            "No Rest For The Wicked": [
                {
                    "Van Escape": {
                        "price": 1000,
                        "itemId": "7ef67d46c6224310b813afcc5f53ae62"
                    },
                    "Secure Point": {
                        "price": 1000,
                        "itemId": "7ffcce86f7bb4dd78e9fcd6755fc9a43"
                    },
                    "Keycard Access": {
                        "price": 1000,
                        "itemId": "fb595a70be16479cbd6398866ceace43"
                    },
                    "More Thermite": {
                        "price": 1000,
                        "itemId": "ec4f15db42d54fdfa1a4716d3e880aaf"
                    }
                }
            ]
        },
           {
                "Road Rage": [
                    {
                        "Garbage Chute Secure Point": {
                            "price": 1000,
                            "itemId": "762a1305c25844a7aac3d0f0666c70e6"
                        },
                        "RC Signal": {
                            "price": 1000,
                            "itemId": "86104f11f3534828b6112f28717c5308"
                        },
                        "Sniper Tower": {
                            "price": 1000,
                            "itemId": "f55bbfc9483948d69be74a55b5cd5038"
                        },
                        "More Planks": {
                            "price": 1000,
                            "itemId": "0441acf170484c509bcb2c7869170403"
                        }
                    }
                ]
            },
            {
                "Dirty Ice": [
                    {
                        "Manager Cake": {
                            "price": 1000,
                            "itemId": "a8a42735b6ed4bf48456de9f33ff6477"
                        },
                        "Escape Van": {
                            "price": 1000,
                            "itemId": "736ee0a77016416ba9d35a9a5f4c7fd0"
                        },
                        "Chopper Extract": {
                            "price": 1000,
                            "itemId": "b21d68ea6ba94dc38032697233b6aa41"
                        },
                        "Employee Backdoor Access": {
                            "price": 1000,
                            "itemId": "ed3734c6be7142ca9ac17df4b91e4acb"
                        }
                    }
                ]
            },
            {
                "Rock The Cradle": [
                    {
                        "Additional Secure Point": {
                            "price": 1000,
                            "itemId": "3540c541445e4c86be79d0d9d618fa62"
                        },
                        "Vault Code": {
                            "price": 1999,
                            "itemId": "65a355215bb8473bbf9d3f2661211899"
                        },
                        "Crypto Wallet Timer": {
                            "price": 1000,
                            "itemId": "dca07cf916b04dbf8f3eb4a134e874cf"
                        },
                        "Inside Man Keycard": {
                            "price": 1000,
                            "itemId": "ea9fd9afab3d4e88ab8f9276bd5e66b3"
                        }
                    }
                ]
            },
            {
                "Under The Surphaze": [
                    {
                        "Additional Loot Secure Point": {
                            "price": 1000,
                            "itemId": "ed77cf56bf8d435ab25b07eb476bf341"
                        },
                        "Keycard Access": {
                            "price": 1000,
                            "itemId": "714a8344431147b1bbb9a36c51a6e0fe"
                        },
                        "Open Doors": {
                            "price": 1000,
                            "itemId": "d1a8dbc374684db69970fb9655af3e98"
                        },
                        "Helicopter Pilot": {
                            "price": 1000,
                            "itemId": "3872ce94c1bf4ae49962e97e6eee4c13"
                        }
                    }
                ]
            },
            {
                "Gold & Sharke": [
                    {
                        "Teller Doors": {
                            "price": 1000,
                            "itemId": "244a532a15a540b8a2bb08ba61ca2cbe"
                        },
                        "Cafe Celebration": {
                            "price": 1000,
                            "itemId": "24fb047fe6bb4227a09d1089d1271f7d"
                        },
                        "Thermal Lance": {
                            "price": 1000,
                            "itemId": "df2e66d7a0e94ff28ba46337ceaf9555"
                        },
                        "Elevator Shaft": {
                            "price": 1000,
                            "itemId": "6c0bc7b7053c486496f68402d313c20d"
                        }
                    }
                ]
            },
            {
                "99 Boxes": [
                    {
                        "Less Containers": {
                            "price": 1000,
                            "itemId": "0cd47901794a44b38a9f2d4b7b1b3f61"
                        },
                        "Degredation Time": {
                            "price": 1000,
                            "itemId": "96de618c6aca4d3a9b4df9b3220fcb1c"
                        },
                        "More Explosives": {
                            "price": 1000,
                            "itemId": "b91465e2dc624101a3d157305637bbda"
                        },
                        "Thermite Drop": {
                            "price": 1000,
                            "itemId": "ff2464ce14da473e97590ea2fb33b327"
                        }
                    }
                ]
            },
            {
                "Touch The Sky": [
                    {
                        "Window Platform": {
                            "price": 1000,
                            "itemId": "d953877d2f494605b89f40896fe85781"
                        },
                        "Thermite": {
                            "price": 1000,
                            "itemId": "87d91fc1cc5f4e8fa3c4e9e2bd303376"
                        },
                        "Poison": {
                            "price": 1000,
                            "itemId": "b815a9b61ba944dda953eb85fd8d6bbf"
                        },
                        "Vent Secure Point": {
                            "price": 1000,
                            "itemId": "86b9d2fede264495a71aac9786b20a45"
                        }
                    }
                ]
            },
            {
                "Cook off":[
                    {
                        "Faster Supply Drop":{
                            "price": 1000,
                            "itemId": "04dfe4043b9449549e6c897ad413929b"
                        },
                        "More Hostages":{
                            "price": 1000,
                            "itemId": "84eff09190304f8ca6d4b964fbe99a2c"
                        },
                        "Permanent Escape Van":{
                            "price": 1000,
                            "itemId": "a96c77c1d5d54e5180e0486c78e95998"
                        },
                        "Longer Purity Window":{
                            "price": 1000,
                            "itemId": "24feafdb91504f458670a133d86ea37e"
                        }
                    }
                ]
            },
            {
                "Syntax Error":[
                    {
                        "Scrambled Drones":{
                            "price": 1000,
                            "itemId": "78502eb46ce44bd08b156c6a5466fbd3"
                        },
                        "QR Code Access":{
                            "price": 1000,
                            "itemId": "b1535c1e89e54b7ab749d622ebe2e86f"
                        },
                        "Security Laser Glitch":{
                            "price": 1000,
                            "itemId": "4876f3b42f904fc2af6cb2c75de27942"
                        },
                        "Faster Escape Helicopter":{
                            "price": 1000,
                            "itemId": "5c1b77fc240c4687b5ec4fa3ba215343"
                        }
                    }
                ]
            },
            {
                    "Vendors":[
                        {
                            "Medic Bag":{
                                "price": 10000,
                                "itemId": "340a890d972d47b5adfacdf5ef854f2c"
                            },
                            "Ammo Bag":{
                                "price": 10000,
                                "itemId": "95f57d5c08e34dcb946483ba865c7d54"
                            },
                            "Armor Bag":{
                                "price": 10000,
                                "itemId": "f87963ec8bab4381b62396e2974e97b8"
                            },
                            "Zipline Bag":{
                                "price": 10000,
                                "itemId": "cfb70d967cf149988eec391a61d4ac08"
                            }
                        }
                    ]
                },
                {
                "Turbid Station":[
                    {
                        "Longer Extraction":{
                            "price": 1000,
                            "itemId": "1543ccb3ff5146f4b713911839d493d0"
                        },
                        "Longer Remote Door Timer":{
                            "price": 1000,
                            "itemId": "bdba4c27cfad4225ad1faa263a1d5f4a"
                        },
                        "More Lures":{
                            "price": 1000,
                            "itemId": "b8e2a0ce38444458bc50d1a3e5bb075d"
                        },
                        "Fewer Drones":{
                            "price": 1000,
                            "itemId": "9ef4512c63e04a1d8f4f447db1dd0117"
                        }
                    }
                ]
            }
    ],

  "Suits": [
    {
        "Suit 1: Base/Variants": [
            {
                "Stripped Trainer": {
                    "price": 90000,
                    "id": "effccebd4e904915930c87711cf7213f"
                },
                "Stripped Trainer 2": {
                    "price": 90000,
                    "id": "684d17aef7cd4d83862620559ec7d7eb"
                },
                "Stripped Trainer 3": {
                    "price": 90000,
                    "id": "91b0506149bf4260872f18302d736a30"
                },
                "Stripped Trainer 4": {
                    "price": 90000,
                    "id": "097dd71736794726ad2a63ff671a7786"
                },
                "Stripped Trainer 5": {
                    "price": 90000,
                    "id": "908d2b44580e40a38fc65a22c8febf61"
                }
            }
            ]
    },
    {
        "Suit 2: Base/Variants": [
            {
                "Sharp Casual": {
                    "price": 300000,
                    "id": "538c32c03831451b9f8bcbbae909fd21"
                },
                "Sharp Casual 2": {
                    "price": 300000,
                    "id": "6860d820a92240fb83d83fcffec9f6cf"
                },
                "Sharp Casual 3": {
                    "price": 300000,
                    "id": "b7df78781c034d27a709d4906a53221c"
                },
                "Sharp Casual 4": {
                    "price": 300000,
                    "id": "8e9b0924b0af4233ba0d9320802749ee"
                },
                "Sharp Casual 5": {
                    "price": 300000,
                    "id": "a273f8a97b4146d4b468bd4c49435e6e"
                }
            }
        ]
    },
    {
        "Suit 3: Base/Variants": [
            {
                "OG Joy Fit": {
                    "price": 300000,
                    "id": "34c91b06bf464e079eb16154628605b1"
                },
                "OG Joy Fit 2": {
                    "price": 300000,
                    "id": "f52b54ba84e94e3c9a53a4b59810dbe1"
                },
                "OG Joy Fit 3": {
                    "price": 300000,
                    "id": "07c9fcbc8067437ba929266931276960"
                },
                "OG Joy Fit 4": {
                    "price": 300000,
                    "id": "c375a70239a24efebd9aa5f03706f7ee"
                },
                "OG Joy Fit 5": {
                    "price": 300000,
                    "id": "20ef3bcaebe746ab9ffb1e7cb2e6cfdb"
                }
            }
        ]
    },
    {
        "Suit 4: Base/Variants": [
            {
                "Barfly": {
                    "price": 300000,
                    "id": "7324fc1843f440cebef4237acecd6c36"
                },
                "Barfly 2": {
                    "price": 300000,
                    "id": "853bbd247b0c4cd983c04a0d35dcae82"
                },
                "Barfly 3": {
                    "price": 300000,
                    "id": "a2a245c11edf4b5e9e4ff951236cce80"
                },
                "Barfly 4": {
                    "price": 300000,
                    "id": "ab069003872e4622be1affde42b2888a"
                },
                "Barfly 5": {
                    "price": 300000,
                    "id": "1adf5205150740e586dc3a5b97dc6afa"
                }
            }
        ]
    },
    {
        "Suit 5: Base/Variants": [
            {
                "Classic Cut": {
                    "price": 500000,
                    "id": "c63d70bc10b044daa447a7e4e37da859"
                },
                "Classic Cut 2": {
                    "price": 500000,
                    "id": "7e2f73a6ca314585ba089f838396c671"
                },
                "Classic Cut 3": {
                    "price": 500000,
                    "id": "1a7e695022d14b00bd410427dd28d067"
                },
                "Classic Cut 4": {
                    "price": 500000,
                    "id": "0e6b9010033042a999f4e47e4da79382"
                },
                "Classic Cut 5": {
                    "price": 500000,
                    "id": "0c0f8e17c64642c694e34afdda2ee5c3"
                }
            }
        ]
    },
    {
        "PD2 Promo": [
            {
                "Echelon": {
                    "price": 0,
                    "id": "533872e42ab84d00ba32355ea2de792f"
                }

            }
        ]
    }
],
"Weapon Paint Schemes": [
    {
        "Weapon Paint Scheme 1": {
            "itemId": "74957f8153db45d6bc7e2f859a8b3f79",
            "price": 15000,
            "currency": "CASH"
        }
    },
    {
        "Weapon Paint Scheme 2": {
            "itemId": "29859d7ab1eb4842be1e7819e9f07090",
            "price": 15000,
            "currency": "CASH"
        }
    },
    {
        "Weapon Paint Scheme 3": {
            "itemId": "991a8ccfd75a4934a8b1ccea7fa8f003",
            "price": 15000,
            "currency": "CASH"
        }
    },
    {
        "Weapon Paint Scheme 4": {
            "itemId": "59422b513bee4e5abcb6da0e5df25862",
            "price": 15000,
            "currency": "CASH"
        }
    },
    {
        "Weapon Paint Scheme 5": {
            "itemId": "2c20f28b871a45d0a54c2f01dd64896e",
            "price": 15000,
            "currency": "CASH"
        }
    },
    {
        "Weapon Paint Scheme 6": {
            "itemId": "3aa895841c444cb3a9d95fd051fc17f3",
            "price": 30000,
            "currency": "CASH"
        }
    },
    {
        "Weapon Paint Scheme 7": {
            "itemId": "305af2df0a664ee5abfcbfdbb1bfc145",
            "price": 30000,
            "currency": "CASH"
        }
    },
    {
        "Weapon Paint Scheme 8": {
            "itemId": "8cf3f2fbffdb4ab4b0889dc346c43840",
            "price": 30000,
            "currency": "CASH"
        }
    },
    {
        "Weapon Paint Scheme 9": {
            "itemId": "d992b2e53829420bae58a0fb72101fd2",
            "price": 50000,
            "currency": "CASH"
        }
    },
    {
        "Weapon Paint Scheme 10": {
            "itemId": "30cadbc492fa452a93a9e95756b255b1",
            "price": 50000,
            "currency": "CASH"
        }
    },
    {
        "Weapon Paint Scheme 11": {
            "itemId": "3b58e823c5044854bc23b8663e187afc",
            "price": 20,
            "currency": "GOLD"
        }
    },
    {
        "Weapon Paint Scheme 12": {
            "itemId": "a123a93a8500409f9a7d5851aea0d796",
            "price": 20,
            "currency": "GOLD"
        }
    },
    {
        "Weapon Paint Scheme 13": {
            "itemId": "6844ac5f2afb4ae3bd2b7ab587872668",
            "price": 20,
            "currency": "GOLD"
        }
    }
],

"Inventory Slots": [
    {
        "Primary Weapon Inventory Slot": {
            "itemId": "ebecec576147407fba1ca1df8362b6f9",
            "price": 100000,
            "currency": "CASH"
        }
    },
    {
        "Secondary Weapon Inventory Slot": {
            "itemId": "32c494eab8ba4a60bed65189775950c9",
            "price": 50000,
            "currency": "CASH"
        }
    },
    {
        "Suit Inventory Slot": {
            "itemId": "b172917295154eb687c9205a7d4a4966",
            "price": 50000,
            "currency": "CASH"
        }
    },
    {
        "Gloves Inventory Slot": {
            "itemId": "d9c2c7a8bed9447587c73c9119f44820",
            "price": 50000,
            "currency": "CASH"
        }
    },
    {
        "Mask Inventory Slot": {
            "itemId": "87d0be7e55304e62b4993ea5de750671",
            "price": 50000,
            "currency": "CASH"
        }
    }
],
"Paint Schemes_All":[
    {
    "Paint Schemes": [
        {
            "name": "Paint Stripper",
            "itemId": "917be799b0b6405cacda674f60d43e93",
            "price": 1000,
            "currency": "CASH"
        },
        {
            "name": "Red Shine",
            "itemId": "0c2765265355431b9d6d832260a12fd3",
            "price": 3000,
            "currency": "CASH"
        },
        {
            "name": "Polished Blue",
            "itemId": "4337abc8898d466491b068ad0899535d",
            "price": 3000,
            "currency": "CASH"
        },
        {
            "name": "Shiny Yellow",
            "itemId": "eeb588b2880443fa9abf0aaac2be3955",
            "price": 3000,
            "currency": "CASH"
        },
        {
            "name": "Gleaming Dark Orchid",
            "itemId": "f63a4327c74646cb816b9ddcc100f527",
            "price": 3000,
            "currency": "CASH"
        },
        {
            "name": "Lustrous Pink",
            "itemId": "80f157ac92744415bfcb7f1682164b01",
            "price": 3000,
            "currency": "CASH"
        },
        {
            "name": "Puprle Brown Sheen",
            "itemId": "cedaed7df31142e4b8cc7faac230130d",
            "price": 3000,
            "currency": "CASH"
        },
        {
            "name": "Smooth Maroon",
            "itemId": "a9089f2fba5947639505d690ba792950",
            "price": 3000,
            "currency": "CASH"
        },
        {
            "name": "Dark Gold Yellow Sheen",
            "itemId": "7d8174e370d242a5a798b428eb918afd",
            "price": 3000,
            "currency": "CASH"
        },
        {
            "name": "Smooth Forest Green",
            "itemId": "42a67d95b9ac4c1e873a895882bd49ce",
            "price": 3000,
            "currency": "CASH"
        },
        {
            "name": "Light Sea Green Sheen",
            "itemId": "7ac776e42032497283c9c11ef9c2c30a",
            "price": 3000,
            "currency": "CASH"
        },
        {
            "name": "Slick Dark Rosy Brown",
            "itemId": "88fc977914d64f7ba9643141ce5ecc15",
            "price": 3000,
            "currency": "CASH"
        },
        {
            "name": "Dark Sea Green Sheen",
            "itemId": "22de84f7ba6422c9ffbbd687640ec5c",
            "price": 3000,
            "currency": "CASH"
        },
        {
            "name": "Shiny Bright Gray",
            "itemId": "b8fbcc17818042039a8b853788d160ba",
            "price": 5000,
            "currency": "CASH"
        }
    ]
},
{
    "Gloss": [
        {
            "name": "Glossy Black",
            "itemId": "6efb8e0f73424a32981987d484f43a3b",
            "price": 3000,
            "currency": "CASH"
        },
        {
            "name": "Green Gloss",
            "itemId": "18ec586c4e4f4dc782351788951d0e6e",
            "price": 3000,
            "currency": "CASH"
        },
        {
            "name": "Bright Teracotta Gloss",
            "itemId": "800ca0ecfcd243778c63d752cbb2e38d",
            "price": 3000,
            "currency": "CASH"
        },
        {
            "name": "Dim Gray Gloss",
            "itemId": "008f87c7a9f84a8db8adfc26102f2691",
            "price": 3000,
            "currency": "CASH"
        },
        {
            "name": "Light Salmon Pink Gloss",
            "itemId": "5562534252dd4d3893d647f6a657c935",
            "price": 3000,
            "currency": "CASH"
        },
        {
            "name": "Light Steel Blue Gloss",
            "itemId": "ebe4ffafc6c04b3eb66f6a7dc03fce38",
            "price": 3000,
            "currency": "CASH",
            "additionalData": "pd3_cosmetic_spraycan_paint46"
        },
        {
            "name": "Royal Blue Gloss",
            "itemId": "790a1218de3e40168f3a4e34f4cb7840",
            "price": 5000,
            "currency": "CASH"
        }
    ]
},
{
    "Varnish": [
        {
            "name": "Copper Varnish",
            "itemId": "a2545ac17767476a83e08456aeaad27d",
            "price": 5000,
            "currency": "CASH",
            "additionalData": "pd3_cosmetic_spraycan_paint25"
        },
        {
            "name": "Brass Varnish",
            "itemId": "0870d8b7bfeb45efa7cea9d1a331bd01",
            "price": 5000,
            "currency": "CASH",
            "additionalData": "pd3_cosmetic_spraycan_paint26"
        },
        {
            "name": "Golden Varnish",
            "itemId": "28e52ecf8c8a43ea99cbe972a58b567c",
            "price": 5000,
            "currency": "CASH",
            "additionalData": "pd3_cosmetic_spraycan_paint27"
        },
        {
            "name": "Olive Green Varnish",
            "itemId": "28e2256061a342edb877088b83c67e81",
            "price": 5000,
            "currency": "CASH",
            "additionalData": "pd3_cosmetic_spraycan_paint29"
        },
        {
            "name": "Firebrick Varnish",
            "itemId": "2c9d3945b0e346acab7447f1e67c0651",
            "price": 5000,
            "currency": "CASH",
            "additionalData": "pd3_cosmetic_spraycan_paint30"
        },
        {
            "name": "Purple Varnish",
            "itemId": "d3bef5e251c249b5bc15d749d14b8236",
            "price": 5000,
            "currency": "CASH",
            "additionalData": "pd3_cosmetic_spraycan_paint31"
        },
        {
            "name": "Gun Gray Varnish",
            "itemId": "35fb4e9455be4194975480ec28fc093d",
            "price": 5000,
            "currency": "CASH",
            "additionalData": "pd3_cosmetic_spraycan_paint24"
        },
        {
            "name": "Gun Blue Varnish",
            "itemId": "3453479f37a6485d8281d416facf2c32",
            "price": 5000,
            "currency": "CASH",
            "additionalData": "pd3_cosmetic_spraycan_paint28"
        }
    ]
},
{
    "Chrome": [
        {
            "name": "Black Silver Chrome",
            "itemId": "c7e92c8672234f8586f6af0091575e30",
            "price": 5000,
            "currency": "CASH",
            "additionalData": "pd3_cosmetic_spraycan_paint47"
        },
        {
            "name": "Gold Chrome",
            "itemId": "ef3c6216900a4e34bbd6ec2782ff34d6",
            "price": 5000,
            "currency": "CASH",
            "additionalData": "pd3_cosmetic_spraycan_paint49"
        },
        {
            "name": "Light Bronze Chrome",
            "itemId": "9dd5c32ff4fb4da0a8339af80c0d8ad7",
            "price": 5000,
            "currency": "CASH",
            "additionalData": "pd3_cosmetic_spraycan_paint50"
        },
        {
            "name": "Vermillion Chrome",
            "itemId": "0a7761fb4ec04920bffff93195c122a2",
            "price": 5000,
            "currency": "CASH"
        },
        {
            "name": "Forest Green Chrome",
            "itemId": "f7d2147ea6d445b8a3eb21323453a3da",
            "price": 5000,
            "currency": "CASH"
        },
        {
            "name": "Blue Green Chrome",
            "itemId": "5c34b21724e141a4a0c6a626bc5d357e",
            "price": 5000,
            "currency": "CASH"
        },
        {
            "name": "Deep Sea Chrome",
            "itemId": "e35a676138584cc9a2edbefc8d4598e9",
            "price": 5000,
            "currency": "CASH"
        },
        {
            "name": "Night Sky Chrome",
            "itemId": "f26db2ce40bc4bd38c2edcd1448d7ff2",
            "price": 5000,
            "currency": "CASH"
        },
        {
            "name": "Dark Orchid Purple Chrome",
            "itemId": "e13ae54cab014e3ca93a27610aa983ad",
            "price": 5000,
            "currency": "CASH"
        },
        {
            "name": "Sienna Chrome",
            "itemId": "032c5a37ebcd4252803662c97105b509",
            "price": 5000,
            "currency": "CASH"
        },
        {
            "name": "Black Chrome",
            "itemId": "2f14f2ba237a4ffd9e37132f40bb1006",
            "price": 5000,
            "currency": "CASH"
        },
        {
            "name": "Copper Chrome",
            "itemId": "5a0063496e2f4911b1e26a971a6993bc",
            "price": 5000,
            "currency": "CASH",
            "additionalData": "pd3_cosmetic_spraycan_paint48"
        },
        {
            "name": "Mottled & Sharp Bright",
            "itemId": "c6331e17b78f46acb8408c4163d0f6b5",
            "price": 999,
            "currency": "CASH",
            "additionalData": "pd3_cosmetic_renown_spct_camo_01"
        },
        {
            "name": "Mottled & Sharp Dark",
            "itemId": "2942f6a5b630486c90390536829fe0ae",
            "price": 999,
            "currency": "CASH",
            "additionalData": "pd3_cosmetic_renown_spct_camo_02"
        },
        {
            "name": "Bubblegum Apocalypse",
            "itemId": "d297a43de4de49ef95826a9f5fec05f0",
            "price": 999,
            "currency": "CASH",
            "additionalData": "pd3_cosmetic_renown_spct_camo_03"
        },
        {
            "name": "Desert Snake",
            "itemId": "f93ac2c5d4f848d28282ee5f27785924",
            "price": 999,
            "currency": "CASH",
            "additionalData": "pd3_cosmetic_renown_spct_camo_04"
        },
        {
            "name": "Shifty Industrial",
            "itemId": "43747c3bfd2b44b18a0348d9a237c598",
            "price": 999,
            "currency": "CASH",
            "additionalData": "pd3_cosmetic_renown_spct_camo_05"
        },
        {
            "name": "Candy Funk",
            "itemId": "8984265643c64a86a1537760f9ad6cfc",
            "price": 999,
            "currency": "CASH",
            "additionalData": "pd3_cosmetic_renown_spct_camo_06"
        },
        {
            "name": "Fractured Claret",
            "itemId": "b83f8574bb694c9cbdd9a14291380a2a",
            "price": 999,
            "currency": "CASH",
            "additionalData": "pd3_cosmetic_renown_spct_camo_07"
        },
        {
            "name": "Icy Depth",
            "itemId": "f673af3f66a247128a2691bb0c627535",
            "price": 999,
            "currency": "CASH",
            "additionalData": "pd3_cosmetic_renown_spct_camo_08"
        },
        {
            "name": "Cracked Veneer",
            "itemId": "f559790b81ac47a5ac8873d3950fcaa1",
            "price": 999,
            "currency": "CASH",
            "additionalData": "pd3_cosmetic_renown_spct_camo_09"
        },
        {
            "name": "Hail & Sleet",
            "itemId": "016c9db842934de8a81316d9e9d5351b",
            "price": 999,
            "currency": "CASH",
            "additionalData": "pd3_cosmetic_renown_spct_camo_10"
        }
    ]
}
]

}